topic,aliases
16_accords_of_madness,
1st_era,
2nd_era,
3rd_era,
4th_era,
a_children's_anuad,The Anuad Paraphrased
a_dance_in_fire,
a_dream_of_sovngarde,
a_game_at_dinner,
a_hypothetical_treachery,
a_kiss_sweet_mother,
a_minor_maze,
a_tragedy_in_black,
abacean_longfish,
abandoned_lodge,
abandoned_prison,
abandoned_shack,
absorb_health,
absorb_magicka,
absorb_stamina,
adamantine_tower,Direnni Tower
addvar's_house,
advances_in_lockpicking,The Locked Room
aedra_and_daedra,
aerin's_house,
aetherium_forge,
aevar_stone-singer,The Story of Aevar Stone-Singer
ahzidal,
ahzidal's_descent,
ahzirr_traajijazeri,
akatosh,
akavir,
alchemist's_shack,
aldmeri,
alduin,
alduin_is_real,Alduin is Real and He Ent Akatosh
alessia,"Queen Alessia, Saint Alessia"
alessian_empire,
alessian_slave_rebellion,
alftand,
alinor,
all-maker,All-Father
almalexia,"Almalexia the Lover, Ayem"
alocasia_fruit,
aloe_vera_leaves,
alor_house,
altar_of_thrond,
altmer,High Elves
alva's_house,
ambrosia,
amongst_the_draugr,
amren's_house,
amulet_of_kings,
an_accounting_of_the_scrolls,
ancestor_glade,
ancestor_moth_wing,
ancestors_and_the_dunmer,
ancient's_ascent,
ancient_nord_armor,
ancient_nord_arrow,
ancient_nord_boots,
ancient_nord_gauntlets,
ancient_nord_helmet,
anga's_mill,
angarvunde,
angelfish,
angeline's_aromatics,
angi's_camp,
angler,
angler_larvae,
animal_allegiance,
anise's_cabin,
annals_of_the_dragonguard,
ansilvund,
anvil,
apocrypha,
arcadia's_cauldron,
arcana_restored,
arctic_char,
arctic_grayling,
arcwind_point,
aretino_residence,
argonian,Saxhleel
argonian_account,
argonian_ale,
argonian_assemblage,
arkay,
arkngthamz,
arkngthamz_puzzle,
armor,
arniel's_convection,
arnleif_and_sons_trading_company,
ash_blight,
ash_creatures,
ash_creep_cluster,
ash_hopper_jelly,
ash_rune,
ash_shell,
ash_spawn,
ashen_grass_pod,
ashfall's_tear,
ashfallow_citadel,
aster_bloom_core,
ataxia,
atheron_residence,
atlas_of_Dragons,
atmora,Altmora
aura_whisper,
auriels_bow,
autumnshade_clearing,
autumnwatch_tower,
avanchnzel,
aversion_to_fire,
aversion_to_frost,
aversion_to_magic,
aversion_to_shock,
ayleid_crown_of_nenalata,
ayleids,Heartland High Elves
azura,
azura_and_the_box,
azura_star,Azura's Star
baan_dar,
baldor_iron-shaper's_house,
balgruuf,Balgruuf the Greater
balmora,
balmora_blue,
banded_iron_armor,
banded_iron_shield,
bane_of_the_undead,
banish,
banish_daedra,
bannermist_tower,
bard's_leap_summit,
bards_college,
battle-born_farm,
battle_furry,
bear,
bear_claws,
beast_stone,
become_ethereal,
bee,
beehive_husk,
before_the_ages_of_Man,
beggar's_row,
beggar_prince,
beitild's_house,
belethor's_general_goods,
belyn_hlaalu's_house,
bend_will,
benkongerike,
bilegulch_mine,
biography_of_barenziah,
biography_of_the_wolf_queen,
birna's_oddments,
bits_and_pieces,
bittergreen_petals,
black-briar_manor,
black-briar_meadery,
black_books,
black_briar,
black_briar_lodge,
black_heart_blight,
black_marsh,Argonia
black_reach,
blacklight,
blacksmiths_potion,
blackwood_company,
blade_of_woe,Night Mother's Kiss
blades,
bleak_falls_barrow,
bleakcoast_cave,
bleakfalls_barrow,
bleakfalls_tower,
bleakwind_basin,
bleakwind_bluff,
bleeding_crown,
blind_cliff_cave,
blind_watchers_eye,
bliss_bug_thorax,
blister_pod_cap,
blisterwort,
blizzard,
blizzard_rest,
bloated_man's_grotto,
blood_horkers,
bloodgrass,
bloodlet_throne,
bloodskal_barrow,
bloodthirst,
bloodworm_helm,
blue_butterfly_wing,
blue_dartwing,
blue_mountain_flower,
blue_palace,
boar_tusk,
boethiah,Prince of Plots
boethiah's_glory,
bog_beacon,
bolli's_house,
bone_break_fever,
bone_meal,
bonechill_passage,
bonemold_armor,
bonemold_boots,
bonemold_gauntlets,bonemold bracers
bonemold_guard_armor,
bonemold_helmet,
bonemold_pauldron_armor,
bonemold_shield,
bonestrewn_crest,
boots_of_the_crusader,
bosmer,Wood Elves
boulderfall_cave,
bound_battleaxe,
bound_bow,
bound_dagger,
bound_sword,
bound_weapon,
bow_of_shadows,
brain_rot,
brandy-mug_farm,
bravil,
breathing_water,
breezehome,
breton,
briar_heart,
briarheart_geis,
brief_history_of_the_empire,
brina's_house,
brinewater_grotto,
bristleback_cave,
brittleshin_pass,
brodir_grove,
broken_fang_cave,
broken_helm_hollow,
broken_limb_camp,
broken_oar_grotto,
broken_tower_redoubt,
broken_tusk_mine,
bronze_water_cave,
brood_cavern,
brook_bass,
brothers_of_darkness,
brown_rot,
bruca's_leap_redoubt,
bruma,
brunwulf_free-winter's_house,
bryling's_house,
bthardamz,
bujold's_retreat,
bunglers_bane,
burnt_spriggan_wood,
butterfly_wing,
caerellius_house,
calixto's_house_of_curiosities,
call_dragon,
call_of_valour,
call_to_arms,
calm,
calvicus_vile,Clavicus Vile
camora_tong,Camonna Tong
camoran_dynasty,
candlehearth_hall,
candlelight,
canis_root,
carlotta_valentia's_house,
carp,
castle_dour,
castle_karstaag_caverns,
castle_karstaag_ruins,
castle_volkihar,
catalogue_of_armor_enchantments,Complete Catalogue of Enchantments for Armor
catalogue_of_weapon_enchantments,Complete Catalogue of Enchantments for Weaponry
catfish,
cats_of_skyrim,
chain_lightning,
chance's_folly,
chaos_damage,
charred_skeever_hide,
charwich-koniinge_letters,
chaurus,
chaurus_eggs,
chaurus_hunter_antennae,
cherim's_heart,Cherim's Heart of Anequina
cheydinhal,
chicken_egg,
children_of_the_all-maker,
children_of_the_sky,
chillfurrow_farm,
chillrend,
chillwind_depths,
chim,
chimarvamidium,
chimer,
chitin_armor,
chitin_boots,
chitin_bracers,
chitin_helmet,
chitin_shield,
chokeberry,
chokeweed,
chorrol,
chronicles_of_nchuleft,
chrysamere,Sword of Heroes
cidhna_mine,
circle_of_protection,
clairvoyance,
clan_shatter-shield_office,
clear_skies,
clearpine_pond,
clearspring_tarn,
cliff_racer,
cliffside_retreat,
clockwork_city,
close_wounds,
cloud_ruler_temple,
coal_dragon_claw,
cod,
coda_flower,
cold_rock_pass,
coldcinder_cave,
coldharbour,
college_of_winterhold,
colovia,Old Colovia
colovian,
command,
command_daedra,
companions,
congealed_putrescence,
conjure,
conjure_ash_guardian,
conjure_ash_spawn,
conjure_dragon_priest,
conjure_dremora_lord,
conjure_familiar,
conjure_flame_atronach,
conjure_frost_atronach,
conjure_mistman,
conjure_seeker,
conjure_storm_atronach,
conjurers_potion,
corkbulb_root,
cornberry,Comberry
corpselight_farm,
corrundum,Corundum
courage,
cowflop_farm,
crabber's_shanty,
cracked_tusk_keep,
cradle_stone_tower,
cradlecrush_rock,
cragslane_cavern,
cragwallow_slope,
creep_cluster,
crimson_nirnroot,
cronvangr_cave,
crown_of_barenziah,
crystal_tower,
crystaldrift_cave,
cuirass_of_the_crusader,
cure_disease,
cure_poison,
cyclone,
cyrodiil,
cyrodilic_brandy,
cyrodilic_spadetail,
daedra_heart,
daedra_silk,
daedra_venin,
daedric_armor,
daedric_arrow,
daedric_battleaxe,
daedric_boots,
daedric_bow,
daedric_crescent,Daedric Crescent Blade
daedric_dagger,
daedric_gauntlets,
daedric_greatsword,
daedric_helmet,
daedric_mace,
daedric_shield,
daedric_sword,
daedric_war_axe,
daedric_warhammer,
daedroth_teeth,
daggerfall,
dagoth_ur,"Voryn Dagoth, Sharmat, Father of the Mountain, Awakened Lord of the Sixth House"
dainty_sload,
damage_health,
damage_health_regeneration,
damage_magicka,
damage_magicka_regeneration,
damage_stamina,
damage_stamina_regeneration,
damphall_mine,
dark_brotherhood,
dark_brotherhood_sanctuary,
dark_elf,
dark_seducer,Mazken
darkest_darkness,
darkfall_cave,
darklight_tower,
darkshade,
darkwater_crossing,
darkwater_pass,
daughter_of_the_niben,Bravil: Daughter of the Niben
dawn_era,Dawn Age
dawnbreaker,
dawnfang,
dawnguard_armor,
dawnguard_boots,
dawnguard_full_helmet,
dawnguard_gauntlets,
dawnguard_heavy_armor,
dawnguard_heavy_boots,
dawnguard_heavy_gauntlets,
dawnguard_helmet,
dawnguard_shield,
dawnstar,
dawnstar_sanctuary,
de_rerum_dirennis,
dead_crone_rock,
dead_man's_drink,
dead_men's_respite,
dead_thrall,
death_blow_of_abernanit,
death_of_a_wanderer,
deathbell,
deep_folk_crossing,
deepwood_redoubt,
deer,
dengeir's_house,
deor_woodcutter's_house,
detect_dead,
detect_life,
detect_undead,
diamond_claw,
dibella,"Lady of Love, Goddess of Beauty"
dimhollow_cavern_puzzle,
dimhollow_crypt,
direfish,
disarm,
disguised_invisibility_potion,
dismay,
double_distilled_skooma,
dovahkiin,
dragon,dovah
dragon_aspect,
dragon_break,
dragon_bridge,
dragon_bridge_overlook,
dragon_cult,Atmoran Dragon Cult
dragon_language,Dovahzul
dragon_mound_lone_mountain,
dragon_priest,
dragon_rend,
dragon_tongue,
dragon_wars,Dragon War
dragonbone,
dragonbone_arrow,
dragonbone_battleaxe,
dragonbone_bow,
dragonbone_dagger,
dragonbone_greatsword,
dragonbone_mace,
dragonbone_sword,
dragonbone_war_axe,
dragonbone_warhammer,
dragonborn,
dragonborn_song,Song of the Dragonborn
dragonhide,
dragonplate_armor,
dragonplate_boots,
dragonplate_gauntlets,
dragonplate_helmet,
dragonplate_shield,
dragons_tongue,
dragonscale_armor,
dragonscale_boots,
dragonscale_gauntlets,
dragonscale_helmet,
dragonscale_shield,
dragonsreach,
dragonsreach_dungeon,
dragonstone,
dragontooth_crater,
drain_vitality,
draugr,
dread_zombie,
drelas_cottage,
dremora,Kyn
dreugh_wax,
driftshade_refuge,
droops,
druadach_redoubt,
dukaan,
dunmer,Dark Elves
dur_neh_viir,
dushnikh_yal,
duskfang,
duskglow_crevice,
dustmans_cairn,
dwarven_armor,
dwarven_arrow,
dwarven_battleaxe,
dwarven_bolt,
dwarven_boots,
dwarven_bow,
dwarven_centurion,Steam Centurion
dwarven_dagger,
dwarven_gauntlets,
dwarven_greatsword,
dwarven_helmet,
dwarven_mace,
dwarven_oil,
dwarven_shield,
dwarven_sphere,
dwarven_spider,
dwarven_sword,
dwarven_war_axe,
dwarven_warhammer,
dwarves,Deep Elves
dwemer,
dwemer_centurion,Steam Centurions
dwemer_history_and_culture,Collected Essays on Dwemer History and Culture
dwemer_inquiries,Dwemer Inquiries: Their Architecture and Civilization
dwemer_museum,
dwemer_sphere,
dwemer_spider,
earth_stone,
east_empire_company_warehouse,
eastmarch,
eastmarch_imperial_camp,
ebonheart,Castle Ebonheart
ebony,
ebony_armor,
ebony_arrow,
ebony_battleaxe,
ebony_blade,
ebony_boots,
ebony_bow,
ebony_claw,
ebony_dagger,
ebony_gauntlets,
ebony_greatsword,
ebony_helmet,
ebony_mace,
ebony_mail,
ebony_shield,
ebony_sword,
ebony_war_axe,
ebony_warhammer,
ebonyflesh,
ectoplasm,
edla's_house,
effects_of_the_elder_scrolls,
eldergleam_sanctuary,
eldersblood_peak,
elemental_fury,
elgrim's_elixirs,
elisif,Elisif the Fair
elixir_of_resist_magic,
elk,
elsweyr,
eltonbrand,
elven_armor,
elven_arrow,
elven_battleaxe,
elven_boots,
elven_bow,
elven_dagger,
elven_gauntlets,
elven_gilded_armor,
elven_greatsword,
elven_helmet,
elven_mace,
elven_shield,
elven_sword,
elven_war_axe,
elven_warhammer,
elves_ear,
elytra_ichor,
embershard_mine,
emerald_dragon_claw,
emperor_parasol_moss,
enchanters_potion,
endon's_house,
equilibrium,
erikur's_house,
esberns_potion,
eternal_champion,
evergreen_grove,
evette_san's_house,
expel_daedra,
eye_of_sabre_cat,
faas_ru_maar,
fahlbtharz,
fahlbtharz_puzzle,
faldar's_tooth,
falion's_house,
falkreath,
falkreath_barracks,
falkreath_hold,
falkreath_imperial_camp,
falkreath_stormcloak_camp,
falkreath_watchtower,
fall_of_the_snow_prince,
fallowstone_cave,
falmer,"Snow Ghosts, the Betrayed"
falmer_arrow,
falmer_blood_elixir,
falmer_ear,
fast,
fast_healing,
father_of_the_niben,
fear,
fear_poison,
feim_zii_gron,
fellglow_keep,
felsaad_tern_feathers,
fenn's_gulch_mine,
feyfolken,
fiery_soul_trap,
fire_and_darkness,Fire and Darkness: The Brotherhoods of Death
fire_breath,
fire_damage,
fire_petal,
fire_rune,
fire_salts,
fire_storm,
fireball,
firebolt,
first_era,
five_songs_of_king_wulfharth,
flame_atronach,
flame_cloak,
flame_stalk,
flame_thrall,
flames,
flaming_familiar,
fletcher,Castle Fletcher
flight_from_the_thalmor,
fly_amanita,
fo_krah_diin,
folgunthur,
forebears'_holdout,
forelhost,
forgotten_vale,
fork_of_horripilation,
forsaken_cave,
forsworn,Madmen of the Reach
forsworn_armor,
forsworn_arrow,
forsworn_boots,
forsworn_gauntlets,
forsworn_headdress,Forsworn Helmet
fort_amol,
fort_dawnguard,
fort_dunstad,
fort_fellhammer,
fort_frostmoth,
fort_greenwall,
fort_greymoor,
fort_hraggstad,
fort_kastav,
fort_neugrad,
fort_snowhawk,
fort_sungard,
fortified_combat_healing,
fortify_alchemy,
fortify_alteration,
fortify_archery,Fortify Marksman
fortify_barter,
fortify_block,
fortify_carry_weight,
fortify_conjuration,
fortify_destruction,
fortify_enchanting,
fortify_health,
fortify_heavy_armor,
fortify_illusion,
fortify_light_armor,
fortify_lockpicking,
fortify_magicka,
fortify_onehanded,
fortify_persuasion,
fortify_pickpocket,
fortify_restoration,
fortify_shouts,
fortify_smithing,
fortify_sneak,
fortify_spells,
fortify_stamina,
fortify_twohanded,
fortify_unarmed_damage,
four_skull_lookout,
fourth_era,
fox,
freeze,
frenzy,
frenzy_poison,
frenzy_rune,
froki's_shack,
frossel,
frost_atronach,Ice Atronach
frost_breath,
frost_cloak,
frost_damage,
frost_mirriam,
frost_rune,
frost_salts,
frost_thrall,
frostbite,
frostbite_spider,
frostbite_venom,
frostflow_lighthouse,
frostfruit_inn,
frostmere_crypt,
frostmoon_crag,
fruki's_house,
frykte_peak,
fungus_stalk,
fur_armor,
fur_bracers,
fur_gauntlets,
fur_helmet,
fur_shoes,
fury,
fus_ro_dah,
gaan_lah_haas,
gallows_rock,
garlic,
gauntlets_of_the_crusader,
geirmund's_hall,
general_tullius,Tullius
giant's_grove,
giant_lichen,
giant_toe,Giant's Toe
giants,
gildergreen,
gjukar_monument,Gjukar's Monument
glacial_cave,
glass_armor,
glass_arrow,
glass_battleaxe,
glass_boots,
glass_bow,
glass_catfish,
glass_claw,
glass_dagger,
glass_gauntlets,
glass_greatsword,
glass_helmet,
glass_mace,
glass_shield,
glass_sword,
glass_war_axe,
glass_warhammer,
glassfish,
gleamblossom,
glenmoril_coven,
glenmoril_witches,Glenmoril Wyrd
gloombound_mine,
gloomreach,
glover_mallory's_house,
glow_dust,
glowing_mushroom,
gnarl_bark,
goat,
goblin,
gods_and_worship,An Overview of Gods and Worship in Tamriel
gol_hah_dov,
gold_kanet,
gold_saint,Aureal
goldbrand,
golden_claw,
golden_saint,
goldenglow_estate,
goldfish,
grand_healing,
grass_pod,
grave_concoctions,
gray_cowl,Gray Cowl of Nocturnal
gray_pine_goods,
gray_quarter,Snow Quarter
graywinter_watch,
great_war,
greater_ward,
green_butterfly_wing,
greenpact,
greenspore,
greenspring_hollow,
grey_quarter,
greybeards,
greywater_grotto,
guardian_circle,
guardian_stones,
guldun_rock,
guldun_rock_cave,
gutworm,
gyldenhul_barrow,
haafingar,
haafingar_stormcloak_camp,
hackle-lo_leaf,
haelga's_bunkhouse,
haemar's_shame,
hag's_end,
hag_rock_redoubt,
hagraven,
hagraven_claw,
hagraven_feathers,
haknir's_shoal,
half-moon_mill,
hall_of_attainment,
hall_of_countenance,
hall_of_the_elements,
hall_of_the_vigilant,
halldir's_cairn,
halted_stream_camp,
hammerfell,
hamvirs_rest,
hanging_moss,
harmony,
harmugstahl,
harrada,
hawk_beak,
hawk_egg,"Hawk's Egg, Hawk's Eggs"
hawk_feathers,
headwaters_of_harstrad,
heal_other,
heal_undead,
healing,
healing_hands,
heart_of_order,
heartwood_mill,
heimskr's_house,
hela's_folly,
helgen,
hell,
helm_of_the_crusader,
hermaeus_mora,"Demon of Knowledge, Gardener of Men"
hero_of_daggerfall,The Agent
hero_of_kvatch,Champion of Cyrodiil
hevnoraak,
hide_armor,
hide_boots,
hide_bracers,
hide_helmet,
hide_shield,
high_elf,
high_gate_ruins,
high_hrothgar,
high_king_torygg,"King Torygg, Torygg"
high_rock,
highmoon_hall,
highpoint_tower,
hillgrunds_tomb,
hircine,"Huntsman, Lord of the Hunt, Father of Manbeasts"
hist,
histcarp,
history_of_raven_rock,
hjaalmarch,
hjaalmarch_imperial_camp,
hjaalmarch_stormcloak_camp,
hjerim,
hlaalu_farm,
hob's_fall_cave,
hollyfrost_farm,
holy_water,
honeycomb,
honeyside,
honeystrand_cave,
honningbrew_meadery,
honorhall_orphanage,
hoonding,Make Way God
horker,
horker_island,
horror_of_castle_xyr,
house_gray-mane,
house_of_clan_battle-born,
house_of_clan_cruel-sea,
house_of_clan_shatter-shield,
hrodulf's_house,
human_flesh,
human_heart,
hun_kaal_zoor,
hunger_tounge,Hunger Tongue
hunter's_rest,
huntsmans_prowess,
hydnum_azure_giant_spore,
hypha_facia,
hysteria,
ice_form,
ice_spike,
ice_storm,
ice_wraith,
ice_wraith_bane,
ice_wraith_essence,
ice_wraith_teeth,
icy_spear,
idgrod,Idgrod Ravencrone
ienth_farm,
igmund,Jarl Igmund
ignite,
iiz_slen_nus,
ilinalta's_deep,
imp_gall,
imp_stool,
imperial_city,
imperial_legion,
improved_bonemold_armor,
improved_bonemold_boots,
improved_bonemold_gauntlets,
improved_bonemold_helmet,
improved_bonemold_shield,
incident_at_necrom,Incident in Necrom
incinerate,
invisibility,
invocation_of_azura,
irgnir's_house,
irkngthand,
iron-breaker_mine,
iron_armor,
iron_arrow,
iron_battleaxe,
iron_boots,
iron_claw,
iron_dagger,
iron_gauntlets,
iron_greatsword,
iron_helmet,
iron_mace,
iron_shield,
iron_sword,
iron_war_axe,
iron_warhammer,
ironback_hideout,
ironbind_barrow,
ironflesh,
ironwood_fruit,
ivarstead,
ivory_claw,
ivory_dragon_claw,
jagar_tharn,
jala's_house,
jarl's_longhouse,
jazbay_grapes,
joor_zah_frul,
jorgen_and_lami's_house,
jorrvaskr,
journeyman's_nook,
julianos,Jhunal
juniper_berries,
juvenile_mudcrab,
jyggalag,
kaan_drem_ov,
kagouti_hide,
kagrenzel,
kagrumez,
karthspire_camp,
karthwasten,
katla's_farm,
keening,
khajiit,
kilkreath_ruins,
kjenstag_ruins,
knifepoint_mine,
knifepoint_ridge,
knights_of_the_nine,
kolbjorn_barrow,
kolskeggr_mine,
korir,
korvanjund,
kraldar's_house,
kresh_fiber,
krii_lun_aus,
krosis,
kvatch,
kynareth,Kyne
kyne's_peace,
kynesgrove,
laas_yah_nir,
labyrinthian,
laila,Laila Law-Giver
lake_geir,
lake_honrich,
lakeview_manor,
largashbur,
large_antlers,
last_vigil,
lavender,
leather_armor,
leather_boots,
leather_bracers,
leather_helmet,
left_hand_mine,
leigelf's_house,
leki,Saint of the Spirit Sword
lemkils_farm,
lesser_ward,
leyawiin,
liar's_retreat,
lichor,
light,
light_damage,
lightning_bolt,
lightning_cloak,
lightning_rune,
lightning_storm,
lingering_magicka_poison,
lingering_poison,
lingering_stamina_poison,
lod's_house,
lok_vah_koor,
lords_mail,
loreius_farm,
lorkhan,"Shor, the Missing God"
lost_echo_cave,
lost_knife_hideout,
lost_prospect_mine,
lost_tongue_overlook,
lost_valkygg,
lost_valley_redoubt,
lotus_extract,
luminous_russula,
luna_moth_wing,
lunds_hut,
lycanthropy,werethropy
lyretail_anthias,
mace_of_molag_bal,
mace_of_the_crusader,Mace of Zenithar
magelight,
magicka_poison,
magnus,
malacath,"Mauloch, Orkey"
malachite,
mammoth,
mannimarco,"God of Worms, King of Worms"
maormer,
mara,Mother-Goddess
mara's_eye_pond,
marbruk,
marise_aravel's_house,
markarth,
markarth_stables,
marked_for_death,
marshmerrow,
martin_septim,
masque_of_clavicus_vile,
mass_paralysis,
mayhem,
mede_dynasty,
meeko's_shack,
mehrune_dagon,"Lord of Change, Prince of Disaster, Mehrunes Dagon"
mephala,"Webspinner, Spinner, Spider"
merethic_era,Mythic Age
merhrunes_razor,"Dagger of the Final Wounds, Bane of the Righteous, Kingslayer, Mehrunes' Razor"
meridia,"Lady of Infinite Energies, Lady of Greed"
merryfair_farm,
mid_vur_shaan,
minotaur_horn,
miraak,
mistveil_keep,
mistwatch,
mixwater_mill,
moesring_pass,
molag_bal,"God of Schemes, Lord of Domination"
moldering_ruins,
moon_sugar,
moonstone,
moorside_inn,
mora_tapinella,
morag_tong,
morihaus,"Morihaus-Breath-of-Kyne, Winged Bull"
morokei,
morrowind,
mort_flesh,
morthal,
morvayn_ancestral_tomb,
morvunskar,
morwen's_house,
moss_mother_cavern,
mossy_glen_cave,
mount_anthor,
mount_moesring,
movarth's_lair,
mudcrab,
mudcrab_chitin,
muffle,
mul_qah_diiv,
mystery_of_talara,
mystic_venom,
mythic_dawn,
mythic_dawn_commentaries,Commentaries on the Mysterium Xarxes
myths_of_sheogorath,
mzinchaleft,
mzulft,
nahkriin,
namira,"Lady of Decay, Namiira"
namira_rot,
narzulbur,
nchardak,
nchuand-zel,
necrom,City of the Dead
necromancer_amulet,
necromantic_healing,
nedes,Nedic peoples
nerevar_at_red_mountain,
nerevar_moon_and_star,
nerevarine,"Nerevar Reborn, Redeemer of the False Gods"
nerveshatter,
netch_jelly,
new_gnisis_cornerclub,
nightcaller_temple,
nightgate_inn,
nightingale_hall,
nightshade,
nightshade_extract,
nilheim,
niranye's_house,
nirnroot,
nocturnal,"Mistress of Shadows, Lady of Twilight"
nord,
nord_hero_arrow,
nordic_armor,Nordic Carved Armor
nordic_arrow,
nordic_barnacle,
nordic_battleaxe,
nordic_boots,Nordic Carved Boots
nordic_bow,
nordic_dagger,
nordic_gauntlets,Nordic Carved Gauntlets
nordic_greatsword,
nordic_helmet,Nordic Carved Helmet
nordic_mace,
nordic_shield,
nordic_sword,
nordic_war_axe,
nordic_warhammer,
nords_arise,
north_cold_rock_pass,
north_skybound_watch,Skybound Watch Pass
northwatch_keep,
northwind_mine,
northwind_summit,
numidium,Brass God
oakflesh,
oblivion,
oblivion_crisis,Great Anguish
od_ah_viing,
oghma_infinium,Tome of Power
ogmund's_house,
olaf_and_the_dragon,
olava_the_feeble's_house,
old_attius_farm,
old_hroldan_inn,
on_oblivion,
orange_dartwing,
orc,"Orsimer, Pariah Folk"
orc_stronghold,
orchish_armor,orcish armor
orchish_battleaxe,orcish battleaxe
orchish_boots,orcish boots
orchish_bow,orcish bow
orchish_dagger,orcish dagger
orchish_gauntlets,Orcish gauntlets
orchish_greatsword,Orcish greatsword
orchish_helmet,Orcish helmet
orchish_mace,Orcish mace
orchish_shield,Orcish shield
orchish_sword,Orcish sword
orchish_war_axe,Orcish war axe
orchish_warhammer,Orcish warhammer
orcish_arrow,
orges_teeth,Ogre's Teeth
orichalcum,orichalc
orotheim,
orphan's_tear,
orphan_rock,
orsinium,
orsinium_and_the_orcs,How Orsinium Passed to the Orcs
oslaf's_house,
otar_the_mad,
pacify,
palace_of_the_kings,
pale_imperial_camp,
pale_stormcloak_camp,
palla,
paralysis_poison,
paralyze,
peak's_shade_tower,
pearl,
pearlfish,
pelagia_farm,
pelinal_whitestrake,
penitus_oculatus,
peryite,
philter_of_the_phantom,
physicalities_of_werewolves,Experimentation in the Physicalities of the Werewolf
pilgrim's_trench,
pine_thrush_egg,
pinefrost_tower,
pinemoon_cave,
pinepeak_cavern,
pinewatch,
planemeld,
pogfish,
poison,
poison_bloom,
poison_damage,
poison_rune,
potema's_catacombs,
potion_of_alteration,
potion_of_blood,
potion_of_brief_invisibility,
potion_of_conflict,
potion_of_cure_disease,
potion_of_destruction,
potion_of_enhanced_stamina,
potion_of_escape,
potion_of_extra_magicka,
potion_of_extreme_healing,
potion_of_extreme_magicka,
potion_of_extreme_stamina,
potion_of_glibness,
potion_of_haggling,
potion_of_healing,
potion_of_health,
potion_of_illusion,
potion_of_keenshot,
potion_of_larceny,
potion_of_lasting_potency,
potion_of_light_feet,
potion_of_lockpicking,
potion_of_magicka,
potion_of_minor_healing,
potion_of_minor_magicka,
potion_of_minor_stamina,
potion_of_pickpocketing,
potion_of_plentiful_healing,
potion_of_plentiful_magicka,
potion_of_plentiful_stamina,
potion_of_plunder,
potion_of_regeneration,
potion_of_resist_cold,
potion_of_resist_fire,
potion_of_resist_magic,
potion_of_resist_shock,
potion_of_stamina,
potion_of_strength,
potion_of_the_berserker,
potion_of_the_defender,
potion_of_the_healer,
potion_of_the_knight,
potion_of_the_warrior,
potion_of_true_shot,
potion_of_ultimate_healing,
potion_of_ultimate_magicka,
potion_of_ultimate_stamina,
potion_of_vigor,
potion_of_vigorous_healing,
potion_of_vigorous_magicka,
potion_of_vigorous_stamina,
potion_of_waterbreathing,
potion_of_waterwalking,
potion_of_well_being,
powdered_mammoth_tusk,
proudspire_manor,
psijic_order,
purewater_run,
purple_butterfly_wing,
purple_mountain_flower,
puzzling_pillar_ruins,
pygmy_sunfish,
quicksilver_mine,
raan_mir_tah,
rabbit,
racial_phylogeny,"Racial Phylogeny and Biology, Racial Phylogeny and Biology Seventh Edition"
radiant_raiment,
ragnar_the_red,
ragnvald,
rahgot,
raise_zombie,
raldbthar,
rally,
ramshackle_trading_post,
rannveig's_fast,
rattles,
ravage_health,
ravage_magicka,
ravage_stamina,
raven_rock,
raven_rock_mine,
ravenscar_hollow,
reach,
reach_imperial_camp,
reach_stormcloak_camp,
reachcliff_cave,
reachwater_rock,
reachwind_eyrie,
reanimate,
reanimate_corpse,
rebel's_cairn,
recovery_poison,
red_eagle_redoubt,
red_kelp_gas_bladder,
red_mountain,
red_mountain_flower,
red_road_pass,
redbelly_mine,
redguard,
redorans_retreat,
redwater_den,
redwater_skooma,
redwort_flower,
refugees'_rest,
regenerate_health,
regenerate_magicka,
regenerate_stamina,
repel_lesser_undead,
repel_undead,
resist_disease,
resist_fire,
resist_frost,
resist_magic,
resist_poison,
resist_shock,
restore_health,
restore_health_to_undead,
restore_magicka,
restore_stamina,
revenant,
rift,Rift Hold
rift_imperial_camp,
rift_stormcloak_camp,
rift_watchtower,
riften,
riften_fishery,
riften_jail,
riften_stables,
rii_vaaz_zol,
rimerock_burrow,
ring_of_hircine,
ring_of_khajiit,Ring of Khajiiti
ring_of_namira,
rising_threat,
ritual_stone,
river_betty,
riverside_shack,
riverwood,
roadside_ruins,
robber's_gorge,
rock_warbler_egg,
rockjoint,
romlyn_dreth's_house,
roobrush,
rorikstead,
rot_scale,
rout,
ruby_dragon_claw,
rueful_axe,
ruins_edge,
ruins_of_bthalft,Bthalft
ruins_of_rkund,Rkund
ruminations_on_the_elder_scrolls,
rune,
ruptga,Tall Papa
rustleif's_house,
ruunvald,Ruunvald Excavation
saarthal,
sabre_cat,
sabre_cat_tooth,
sacellum_of_boethiah,
sadri's_used_wares,
sadrith_mora,
saering's_watch,
saint_jiub,"Jiub the Magnificent, Eradicator of the Winged Menace"
salmon,
salmon_roe,
salt_pile,
saltrice,
salvius_farm,
sancre_tor,Golden Hill
sanguinare_vampiris,
sanguine,Lord of Revelry
sanguine_rose,
sanuarach_mine,
sapphire_dragon_claw,
sarethi_farm,
satakal,"Worldskin, First Serpent"
saviors_hide,Saviour's Hide
scaled_armor,
scaled_boots,
scaled_bracers,
scaled_helmet,
scalon_fin,
scaly_pholiota,
scathecraw,
scorpion_fish,
screaming_maw,
scrib_jelly,
scrib_jerky,
sea_elves,Pyandoneans
second_era,
second_treaty_of_stros_mkai,
secunda's_kiss,
sentinel,
septimus_signus's_outpost,
serpents_bluff_redoubt,
severin_manor,
severio_pelagia's_house,
seyda_neen,
shadowgreen_cavern,
shadowrend,
shaman's_hut,
shearpoint,
sheogorath,
shezarr_and_the_divines,
shield_of_the_crusader,
shield_of_ysgramor,
shimmermist_cave,
shock_damage,
shor's_stone,
shor's_watchtower,
short_history_of_morrowind,
shriekwind_bastion,
shrine_of_azura,
shrine_of_mehrunes_dagon,
shrine_to_peryite,
shroud_hearth_barrow,
shrouded_grove,
siddgeir,Jarl Siddgeir
sightless_pit,
silent_moons_camp,
silus_vesuius's_house,Mythic Dawn Museum
silver-blood_inn,
silver_hand,
silverdrift_lair,
silverside_perch,
sithis,
skaal,
skaal_village,
skald,Skald the Elder
skeever,
skeever_tail,
skeleton_key,
skingrad,
skirmishers_potion,
skooma,
skuldafn,
skull_of_corruption,
sky_haven_temple,
skyborn_altar,
skyforge,
skyrim,
skytemple_ruins,
slaughterfish,
slaughterfish_egg,
slaughterfish_scales,
sleeping_tree_camp,
sleeping_tree_sap,
sload,Slugmen
sload_soap,
slow,
slow_time,
small_antlers,
small_pearl,
smelter_overseer's_house,
smithing_expertise,
snapleg_cave,
snow-shod_farm,
snow-shod_manor,
snow_elf,Ancient Falmer
snow_veil_sanctum,
snowberries,
snowclad_ruins,
snowpoint_beacon,
solitude,
solitude_blacksmith,
solitude_lighthouse,
solitude_sawmill,
soljund's_sinkhole,
solstheim,
sotha_sil,Seht
soul_husk_extract,
soul_tear,
soul_trap,
south_cold_rock_pass,
south_skybound_watch,
southfringe_sanctum,
spadefish,
sparks,
spawn_ash,
spear_of_bitter_mercy,
spectral_arrow,
spell_absorption,
spellbreaker,
spiddal_stick,
spider_egg,
spriggan,
spriggan_sap,
staff_of_hasedoki,
staff_of_magnus,
stalhrim,
stalhrim_armor,
stalhrim_arrow,
stalhrim_battleaxe,
stalhrim_boots,
stalhrim_bow,
stalhrim_dagger,
stalhrim_gauntlets,
stalhrim_greatsword,
stalhrim_helmet,
stalhrim_light_armor,
stalhrim_light_boots,
stalhrim_light_gauntlets,stalhrim light bracers
stalhrim_light_helmet,
stalhrim_mace,
stalhrim_shield,
stalhrim_source,
stalhrim_sword,
stalhrim_war_axe,
stalhrim_warhammer,
stallions_potion,
stamina_poison,
statue_to_meridia,Statue of Meridia
steadfast_ward,
steamcrag_camp,
steel_armor,
steel_arrow,
steel_battleaxe,
steel_blue_entoloma,
steel_bolt,
steel_boots,
steel_dagger,
steel_gauntlets,
steel_greatsword,
steel_helmet,
steel_mace,
steel_plate_armor,
steel_plate_boots,
steel_plate_gauntlets,
steel_plate_helmet,
steel_plate_shield,
steel_shield,
steel_sword,
steel_war_axe,
steel_warhammer,
steepfall_burrow,
stendarr,
stendarr's_aura,
stendarr's_beacon,
stendarrs_hammer,
stillborn_cave,
stoneflesh,
stoneflower_petals,
stonehill_bluff,
stonehills,
stony_creek_cave,
storm_atronach,
storm_call,
storm_thrall,
stormcloaks,
stormhold,
stros_m'kai,
stros_m-kai_rum,
strun_bah_qo,
studded_armor,
su_grah_dun,
summerset_isles,
summon_arniel's_shade,
summon_durnehviir,
summon_unbound_dremora,
sun_damage,
sun_fire,
sun_stone,
sunder,
sundered_towers,
sunderstone_gorge,
swamp_fungal_pod,
swindlers_den,
sword_of_the_crusader,
synod,
talking_stone_camp,
talos,
tamriel,the Arena
taproot,
tel_mithryn,
telekinesis,
telekinesis_arrow,
telekinesis_effect,
teleport_pet,
temple_ancestral_tomb,
temple_of_dibella,
temple_of_kynareth,
temple_of_mara,
temple_of_miraak,
temple_of_talos,
temple_of_the_divines,
thalmor,
thalmor_boots,
thalmor_embassy,
thalmor_gloves,
thalmor_headquarters,
thalmor_robes,
thaumaturgist's_hut,
the_adabal-a,
the_aetherium_wars,
the_age_of_aggression,
the_age_of_oppression,
the_alduin_akatosh_dichotomy,
the_anticipations,
the_apprentice's_assistant,
the_apprentice_stone,
the_arcturian_heresy,
the_armorer's_challenge,
the_art_of_war_magic,
the_atronach_stone,
the_axe_man,
the_bannered_mare,
the_bear_of_markarth,
the_bee_and_barb,
the_black_arrow,
the_black_arts_on_trial,
the_book_of_daedra,
the_book_of_the_dragonborn,
the_bulwark,
the_buying_game,
the_cabin_in_the_woods,The Cabin in the Woods Volume II
the_cake_and_the_diamond,
the_city_of_stone,The City of Stone: A Sellsword's Guide to Markarth
the_code_of_malacath,The Code of Malacath: A Sellsword's Guide to the Orc Strongholds
the_doors_of_oblivion,
the_dragon_break_reexamined,
the_dragonborn_comes,
the_drunken_huntsman,
the_firmament,
the_firsthold_revolt,
the_frozen_hearth,
the_hag's_cure,
the_holds_of_skyrim,The Holds of Skyrim: A Field Officer's Guide
the_katariah,
the_lady_stone,
the_legend_of_red_eagle,
the_lord_stone,
the_lover_stone,
the_lusty_argonian_maid,
the_midden,
the_mortar_and_pestle,
the_pale,
the_pawned_prawn,
the_poison_song,
the_ragged_flagon,
the_ratway,
the_reach,
the_real_barenziah,
the_red_year,
the_retching_netch,
the_rift,
the_rise_and_fall_of_the_blades,
the_scorched_hammer,
the_sea_squall,
the_serpent_stone,
the_shadow_stone,
the_song_of_pelinal,
the_steed_stone,
the_third_era_timeline,Third Era: An Abbreviated Timeline
the_tower_stone,
the_warrens,
the_white_hall,
the_white_phial,
the_wild_elves,
the_winking_skeever,
the_wolf_queen,
thieves_guild,
third_era,
thistle_branch,
thonnir's_house,
thorn_hook,
thrassian_plague,
three_banners_war,Alliance War
three_thieves,
throat_of_the_world,"Monahven, Mother Wind"
throw_voice,
thunderbolt,
tiber_septim,"Talos Stormcrown, Hjalti Early-Beard, Tiberius Imperator, General Talos"
tiid_klo_ul,
tolvald's_cave,
torchbug_thorax,
torval,
tower_of_mzark,
traitor's_post,
trama_root,
transmute,
transmute_mineral_ore,
treasury_house,
treva's_watch,
tribunal_temple,
trinimac,
tripod_spiderfish,
troll_fat,
trolls,
tumble_arch_pass,
tundra_cotton,
turn_greater_undead,
turn_lesser_undead,
turn_undead,
twilight_sepulcher,
ulen_ancestral_tomb,
ulfric_stormcloak,
umbra,
understone_keep,
unknown_potion,
unrelenting_force,
uriel_septim_7th,
uriel_septim_seventh,
uriel_septim_vii,
ustengrav,
ustengrav_puzzle,
uthgerd's_house,
uttering_hills_cave,
vaermina,Vaernima
vaerminas_torpor,
vahlok's_tomb,
vahlok_the_jailor,Vahlok
valenwood,
valindor's_house,
valtheim_towers,
valthume,
vampire,
vampire's_bane,
vampire_armor,
vampire_boots,
vampire_dust,
vampire_fish,
vampire_gauntlets,
vampire_gloves,
vampire_hood,
vampire_robes,
vampiric_drain,
vampirism,
varieties_of_daedra,
varieties_of_faith_in_the_empire,
velvet_lechance,
ven_gaar_nos,
vigil_of_stendarr,
vigor_poison,
viola_giordano's_house,
vision_of_the_tenth_eye,
vittoria_vici,
vittoria_vici's_house,
vivec,"Vehk, Saint Vivec"
vlindrel_hall,
void_essence,
void_salts,
vokun,
voldenrung,"Volendrung, Hammer of Might"
volkihar,Volkihar Vampire Clan
volskygge,
volsung,
volunruud,
vvardenfell,Black Isle
wabbajack,
wall_of_flames,
wall_of_frost,
wall_of_storms,
ward,
warmaiden's,
warp_in_the_west,Miracle of Peace
watchers_eye,
water_stone,
waterbreathing,
waterwalking,
wayrest,
wayward_pass,
weakness_to_fire,
weakness_to_frost,
weakness_to_magic,
weakness_to_poison,
weakness_to_shock,
werewolf,
western_watchtower,
weynon_stones,
wheat,
where_were_you_when_the_dragon_broke,
whirlwind_cloak,
whirlwind_sprint,
whistling_mine,
white_cap,
white_gold_tower,
white_gold_tower_wine,
white_phial,
white_ridge_barrow,
white_river_watch,
whiterun,
whiterun_imperial_camp,
whiterun_stables,
whiterun_stormcloak_camp,
whitewatch_tower,
widow's_watch_ruins,
wild_grass_Pod,
wind_and_sand,
wind_stone,
windhelm,
windhelm_stables,
windpeak_inn,
windward_ruins,
winterhold,
winterhold_imperial_camp,
winterhold_stormcloak_camp,
wisp,Witchlights
wisp_stalk_caps,
wisp_wrappings,
wispmother,
witbane,
witches,
witchmist_grove,
withering_moon,
wolf,
wolfskull_cave,
wolves,
wood_elf,
worm_head_cap,Worm's Head Cap
wraithguard,
wreck_of_the_brinehammer,
wreck_of_the_icerunner,
wreck_of_the_pride_of_tel_vos,
wreck_of_the_strident_squall,
wreck_of_the_winter_war,
wuld_nah_kest,
wulf_wild-blood's_house,
wuuthrad,
yellow_book_of_riddles,
yellow_mountain_flower,
yffre,
yngol_and_the_sea-ghosts,
yngol_barrow,
yngvild,
yokuda,
yol_toor_shul,
yorgrim_overlook,
ysgramor,Ysgramor the Invader
ysgramor's_tomb,
ysolda's_house,
zahkriisos,
zen,
zenithar,
zul_mey_gut,
zun_haal_viik,
